Designator,Footprint,Quantity,Value,LCSC Part #
"C1, C4",0603,2,4u7,
C2,0603,1,10u,C19702
C3,0603,1,1u,C15849
D1,0603,1,GRN,C72043
D2,0603,1,RED,C2286
D3,D_SOD-123F,1,MBR120,C236132
J1,USB_C_Receptacle_HRO_TYPE-C-31-M-12,1,USB_C_Receptacle_USB2.0,"C165948
"
J2,PinHeader_2x03_P2.54mm_Vertical,1,PROGRAM,
J3,PinHeader_2x05_P2.54mm_Vertical,1,DEBUG,
J4,PinHeader_1x12_P2.54mm_Vertical,1,Conn_01x12,
J5,Simple_Addon_v2-BADGE-2x3,1,SAO,
J6,PinHeader_1x02_P2.54mm_Vertical,1,Conn_01x02,
J7,JST_PH_S2B-PH-SM4-TB_1x02-1MP_P2.00mm_Horizontal,1,JST_PH2,C47647
"Q1, Q2",SOT-23,2,DMP2045U,C459541
"R1, R2, R3, R4, R7",0603,5,5K1,
R5,0603,1,2K,C22831
R6,0603,1,100K,
SW1,SW_SPDT_PCM12,1,SLIDE,C221841
U1,SOT-23-6,1,TP4057,C12044
U10,bsides-2023,1,bsides-2023,
U11,made_by_peter,1,made_by_peter,
U14,bpod-logo,1,bpod-logo,
